﻿Designator,Quantity,Value,Footprint,Package,MPN,DNP,Mount_Type,Description,STANDARD,PARTREV,MP,AVAILABILITY,MANUFACTURER
"C1, C10, C12, C13, C16, C2, C3, C4",8,10uF,C_0805_2012Metric_Pad1.18x1.45mm_HandSolder,,,,smt,Unpolarized capacitor,,,,,
"C11, C14, C15, C23, C24, C25, C27",7,0.1uF,C_0805_2012Metric_Pad1.18x1.45mm_HandSolder,,,,smt,Unpolarized capacitor,,,,,
"C21, C22",2,18pF,C_0805_2012Metric_Pad1.18x1.45mm_HandSolder,,,,smt,Unpolarized capacitor,,,,,
C26,1,4.7uF,C_0805_2012Metric_Pad1.18x1.45mm_HandSolder,,,,smt,Unpolarized capacitor,,,,,
C31,1,100n,C_0805_2012Metric_Pad1.18x1.45mm_HandSolder,,,,smt,Unpolarized capacitor,,,,,
D1,1,SMAJ5.0A,D_SMA,,,,smt,"400W unidirectional Transient Voltage Suppressor, 5.0Vr, SMA(DO-214AC)",,,,,
"D2, D3",2,LED,LED_1206_3216Metric_Pad1.42x1.75mm_HandSolder,,,,smt,Light emitting diode,,,,,
"J1, J2, J3, J7",4,Conn_01x04,JST_XH_S4B-XH-A-1_1x04_P2.50mm_Horizontal,,,,tht,"Generic connector, single row, 01x04, script generated (kicad-library-utils/schlib/autogen/connector/)",,,,,
J4,1,Conn_ARM_SWD_TagConnect_TC2030-NL,Tag-Connect_TC2030-IDC-NL_2x03_P1.27mm_Vertical,,,,tht,"Tag-Connect ARM Cortex SWD JTAG connector, 6 pin, no legs",,,,,
J5,1,USB_C_Receptacle_USB2.0_14P,USB_C_Receptacle_GCT_USB4085,,,,tht,USB 2.0-only 14P Type-C Receptacle connector,,,,,
"L1, L10, L11, L12, L13, L14, L19, L2, L20, L21, L22, L3, L4, L5, L6, L7, L8, L9",18,120Ω @ 100MHz / 3A,L_0805_2012Metric_Pad1.05x1.20mm_HandSolder,,,,smt,Inductor with ferrite core,,,,,
R1,1,1K,R_0805_2012Metric_Pad1.20x1.40mm_HandSolder,,,,smt,Resistor,,,,,
"R10, R9",2,10k,R_0805_2012Metric_Pad1.20x1.40mm_HandSolder,,,,smt,Resistor,,,,,
"R11, R6",2,20k,R_0805_2012Metric_Pad1.20x1.40mm_HandSolder,,,,smt,Resistor,,,,,
"R12, R13, R14, R17, R7",5,47R,R_0805_2012Metric_Pad1.20x1.40mm_HandSolder,,,,smt,Resistor,,,,,
R15,1,1.1k,R_0805_2012Metric_Pad1.20x1.40mm_HandSolder,,,,smt,Resistor,,,,,
R16,1,620R,R_0805_2012Metric_Pad1.20x1.40mm_HandSolder,,,,smt,Resistor,,,,,
"R19, R2, R20, R3",4,0R,R_0805_2012Metric_Pad1.20x1.40mm_HandSolder,,,,smt,Resistor,,,,,
"R26, R27",2,100R,R_0805_2012Metric_Pad1.20x1.40mm_HandSolder,,,,smt,Resistor,,,,,
"R4, R8",2,5.1k,R_0805_2012Metric_Pad1.20x1.40mm_HandSolder,,,,smt,Resistor,,,,,
R5,1,1.5k,R_0805_2012Metric_Pad1.20x1.40mm_HandSolder,,,,smt,Resistor,,,,,
"SW1, SW2",2,SW_Push,SWITCH_43SMTR92LFS,,,,smt,"Push button switch, generic, two pins",,,,,
U1,1,STM32F103C8Tx,LQFP-48_7x7mm_P0.5mm,,,,smt,"STMicroelectronics Arm Cortex-M3 MCU, 64KB flash, 20KB RAM, 72 MHz, 2.0-3.6V, 37 GPIO, LQFP48",,,,,
U2,1,ADS1220xPW,TSSOP-16_4.4x5mm_P0.65mm,,,,smt,"Low-power, quad-input, 24-bit analog to digital converter, integrated temperature sensor, SPI interface, TSSOP-16 package",,,,,
U3,1,MCP6V92-E/MS,MSOP8_MS_MCH,,,,smt,,,,,,
U4,1,NCP1117-3.3_SOT223,SOT-23-5,,,,smt,"300mA Low Dropout Voltage Regulator, Fixed Output 3.3V, SOT-23-5",,,,,
U6,1,TLV702475_SOT23-5,SOT-23-5_HandSoldering,,,,smt,"300mA Low Dropout Voltage Regulator, Fixed Output 4.75V, SOT-23-5",,,,,
Y1,1,8Mhz,XTAL_ECS-80-18-30-JGN-TR,SMD-2 ECX,,,smt,The ECX-53 is a miniature SMD Crystal with a 3.2 x 5 mm footprint.,Manufacturer Recommendation,2017,ECX-53,Good,ECS INC
