﻿pos_x,pos_y,rotation,side,designator,mpn,pack,footprint,value,mount_type,place
49.935,-83.615,0.0,top,C1,,,C_0805_2012Metric_Pad1.18x1.45mm_HandSolder,10uF,smt,True
50.775,-100.425,180.0,top,C10,,,C_0805_2012Metric_Pad1.18x1.45mm_HandSolder,10uF,smt,True
83.7055,-113.294,180.0,top,C11,,,C_0805_2012Metric_Pad1.18x1.45mm_HandSolder,0.1uF,smt,True
117.5375,-89.675,180.0,top,C12,,,C_0805_2012Metric_Pad1.18x1.45mm_HandSolder,10uF,smt,True
111.9,-90.7375,90.0,top,C13,,,C_0805_2012Metric_Pad1.18x1.45mm_HandSolder,10uF,smt,True
114.4,-90.7125,-90.0,top,C14,,,C_0805_2012Metric_Pad1.18x1.45mm_HandSolder,0.1uF,smt,True
108.65,-89.675,180.0,top,C15,,,C_0805_2012Metric_Pad1.18x1.45mm_HandSolder,0.1uF,smt,True
50.725,-106.8,180.0,top,C16,,,C_0805_2012Metric_Pad1.18x1.45mm_HandSolder,10uF,smt,True
49.95,-90.65,0.0,top,C2,,,C_0805_2012Metric_Pad1.18x1.45mm_HandSolder,10uF,smt,True
83.8,-108.15,-90.0,top,C21,,,C_0805_2012Metric_Pad1.18x1.45mm_HandSolder,18pF,smt,True
88.0,-108.15,90.0,top,C22,,,C_0805_2012Metric_Pad1.18x1.45mm_HandSolder,18pF,smt,True
88.35,-99.8,180.0,top,C23,,,C_0805_2012Metric_Pad1.18x1.45mm_HandSolder,0.1uF,smt,True
83.0,-86.1,-90.0,top,C24,,,C_0805_2012Metric_Pad1.18x1.45mm_HandSolder,0.1uF,smt,True
80.8,-98.4,0.0,top,C25,,,C_0805_2012Metric_Pad1.18x1.45mm_HandSolder,0.1uF,smt,True
91.925,-89.075,180.0,top,C26,,,C_0805_2012Metric_Pad1.18x1.45mm_HandSolder,4.7uF,smt,True
78.7,-96.2,0.0,top,C27,,,C_0805_2012Metric_Pad1.18x1.45mm_HandSolder,0.1uF,smt,True
49.94,-81.46,0.0,top,C3,,,C_0805_2012Metric_Pad1.18x1.45mm_HandSolder,10uF,smt,True
118.0,-94.9,-90.0,top,C31,,,C_0805_2012Metric_Pad1.18x1.45mm_HandSolder,100n,smt,True
50.7,-108.95,180.0,top,C4,,,C_0805_2012Metric_Pad1.18x1.45mm_HandSolder,10uF,smt,True
56.5,-97.575,180.0,top,D1,,,D_SMA,SMAJ5.0A,smt,True
47.6,-116.7,0.0,top,D2,,,LED_1206_3216Metric_Pad1.42x1.75mm_HandSolder,LED,smt,True
47.6,-71.75,0.0,top,D3,,,LED_1206_3216Metric_Pad1.42x1.75mm_HandSolder,LED,smt,True
108.652,-77.466,180.0,top,J1,,,JST_XH_S4B-XH-A-1_1x04_P2.50mm_Horizontal,Conn_01x04,tht,True
101.152,-111.434,0.0,top,J2,,,JST_XH_S4B-XH-A-1_1x04_P2.50mm_Horizontal,Conn_01x04,tht,True
128.972,-77.47,180.0,top,J3,,,JST_XH_S4B-XH-A-1_1x04_P2.50mm_Horizontal,Conn_01x04,tht,True
85.94,-73.454,180.0,top,J4,,,Tag-Connect_TC2030-IDC-NL_2x03_P1.27mm_Vertical,Conn_ARM_SWD_TagConnect_TC2030-NL,tht,False
46.504,-92.575,-90.0,top,J5,,,USB_C_Receptacle_GCT_USB4085,USB_C_Receptacle_USB2.0_14P,tht,True
121.472,-111.434,0.0,top,J7,,,JST_XH_S4B-XH-A-1_1x04_P2.50mm_Horizontal,Conn_01x04,tht,True
108.966,-84.194,90.0,top,L1,,,L_0805_2012Metric_Pad1.05x1.20mm_HandSolder,120Ω @ 100MHz / 3A,smt,True
126.79,-84.208,90.0,top,L10,,,L_0805_2012Metric_Pad1.05x1.20mm_HandSolder,120Ω @ 100MHz / 3A,smt,True
124.04,-84.208,90.0,top,L11,,,L_0805_2012Metric_Pad1.05x1.20mm_HandSolder,120Ω @ 100MHz / 3A,smt,True
121.29,-84.208,90.0,top,L12,,,L_0805_2012Metric_Pad1.05x1.20mm_HandSolder,120Ω @ 100MHz / 3A,smt,True
49.935,-79.248,0.0,top,L13,,,L_0805_2012Metric_Pad1.05x1.20mm_HandSolder,120Ω @ 100MHz / 3A,smt,True
52.95,-111.0,0.0,top,L14,,,L_0805_2012Metric_Pad1.05x1.20mm_HandSolder,120Ω @ 100MHz / 3A,smt,True
121.23,-104.71,-90.0,top,L19,,,L_0805_2012Metric_Pad1.05x1.20mm_HandSolder,120Ω @ 100MHz / 3A,smt,True
106.216,-84.194,90.0,top,L2,,,L_0805_2012Metric_Pad1.05x1.20mm_HandSolder,120Ω @ 100MHz / 3A,smt,True
123.98,-104.71,-90.0,top,L20,,,L_0805_2012Metric_Pad1.05x1.20mm_HandSolder,120Ω @ 100MHz / 3A,smt,True
126.73,-104.71,-90.0,top,L21,,,L_0805_2012Metric_Pad1.05x1.20mm_HandSolder,120Ω @ 100MHz / 3A,smt,True
129.48,-104.71,-90.0,top,L22,,,L_0805_2012Metric_Pad1.05x1.20mm_HandSolder,120Ω @ 100MHz / 3A,smt,True
103.466,-84.194,90.0,top,L3,,,L_0805_2012Metric_Pad1.05x1.20mm_HandSolder,120Ω @ 100MHz / 3A,smt,True
100.716,-84.194,90.0,top,L4,,,L_0805_2012Metric_Pad1.05x1.20mm_HandSolder,120Ω @ 100MHz / 3A,smt,True
100.81,-104.664,-90.0,top,L5,,,L_0805_2012Metric_Pad1.05x1.20mm_HandSolder,120Ω @ 100MHz / 3A,smt,True
103.56,-104.664,-90.0,top,L6,,,L_0805_2012Metric_Pad1.05x1.20mm_HandSolder,120Ω @ 100MHz / 3A,smt,True
106.41,-104.696,-90.0,top,L7,,,L_0805_2012Metric_Pad1.05x1.20mm_HandSolder,120Ω @ 100MHz / 3A,smt,True
109.16,-104.696,-90.0,top,L8,,,L_0805_2012Metric_Pad1.05x1.20mm_HandSolder,120Ω @ 100MHz / 3A,smt,True
129.54,-84.208,90.0,top,L9,,,L_0805_2012Metric_Pad1.05x1.20mm_HandSolder,120Ω @ 100MHz / 3A,smt,True
52.75,-71.75,180.0,top,R1,,,R_0805_2012Metric_Pad1.20x1.40mm_HandSolder,1K,smt,True
69.9,-110.275,180.0,top,R10,,,R_0805_2012Metric_Pad1.20x1.40mm_HandSolder,10k,smt,True
63.775,-96.6,180.0,top,R11,,,R_0805_2012Metric_Pad1.20x1.40mm_HandSolder,20k,smt,True
94.742,-98.552,0.0,top,R12,,,R_0805_2012Metric_Pad1.20x1.40mm_HandSolder,47R,smt,True
94.758,-96.012,0.0,top,R13,,,R_0805_2012Metric_Pad1.20x1.40mm_HandSolder,47R,smt,True
94.742,-101.092,0.0,top,R14,,,R_0805_2012Metric_Pad1.20x1.40mm_HandSolder,47R,smt,True
84.8,-100.7,-90.0,top,R15,,,R_0805_2012Metric_Pad1.20x1.40mm_HandSolder,1.1k,smt,True
53.15,-116.7,180.0,top,R16,,,R_0805_2012Metric_Pad1.20x1.40mm_HandSolder,620R,smt,True
113.6,-102.5,180.0,top,R17,,,R_0805_2012Metric_Pad1.20x1.40mm_HandSolder,47R,smt,True
125.199001,-99.66835,0.0,top,R19,,,R_0805_2012Metric_Pad1.20x1.40mm_HandSolder,0R,smt,True
54.05,-79.24,0.0,top,R2,,,R_0805_2012Metric_Pad1.20x1.40mm_HandSolder,0R,smt,True
125.899001,-90.41835,0.0,top,R20,,,R_0805_2012Metric_Pad1.20x1.40mm_HandSolder,0R,smt,True
121.2,-93.8,0.0,top,R26,,,R_0805_2012Metric_Pad1.20x1.40mm_HandSolder,100R,smt,True
121.2,-96.2,0.0,top,R27,,,R_0805_2012Metric_Pad1.20x1.40mm_HandSolder,100R,smt,True
57.04,-110.99,0.0,top,R3,,,R_0805_2012Metric_Pad1.20x1.40mm_HandSolder,0R,smt,True
44.65,-101.85,180.0,top,R4,,,R_0805_2012Metric_Pad1.20x1.40mm_HandSolder,5.1k,smt,True
68.325,-96.0,90.0,top,R5,,,R_0805_2012Metric_Pad1.20x1.40mm_HandSolder,1.5k,smt,True
63.775,-94.7,180.0,top,R6,,,R_0805_2012Metric_Pad1.20x1.40mm_HandSolder,20k,smt,True
94.742,-93.472,0.0,top,R7,,,R_0805_2012Metric_Pad1.20x1.40mm_HandSolder,47R,smt,True
44.7,-89.0,0.0,top,R8,,,R_0805_2012Metric_Pad1.20x1.40mm_HandSolder,5.1k,smt,True
83.7,-116.85,0.0,top,R9,,,R_0805_2012Metric_Pad1.20x1.40mm_HandSolder,10k,smt,True
92.05,-114.6547,180.0,top,SW1,,,SWITCH_43SMTR92LFS,SW_Push,smt,True
74.9,-114.7,180.0,top,SW2,,,SWITCH_43SMTR92LFS,SW_Push,smt,True
86.08,-93.454,90.0,top,U1,,,LQFP-48_7x7mm_P0.5mm,STM32F103C8Tx,smt,True
113.15,-97.05,90.0,top,U2,,,TSSOP-16_4.4x5mm_P0.65mm,ADS1220xPW,smt,True
125.525001,-95.04735,90.0,top,U3,,,MSOP8_MS_MCH,MCP6V92-E/MS,smt,True
50.548,-103.571,-90.0,top,U4,,,SOT-23-5,NCP1117-3.3_SOT223,smt,True
50.085,-87.215,90.0,top,U6,,,SOT-23-5_HandSoldering,TLV702475_SOT23-5,smt,True
85.825,-104.375,180.0,top,Y1,,SMD-2 ECX,XTAL_ECS-80-18-30-JGN-TR,8Mhz,smt,True
