﻿pos_x,pos_y,rotation,side,designator,mpn,pack,footprint,value,mount_type
34.670323,-50.489857,90.0,top,AC1,ADXL345TCCZ-EP-RL7,,ADXL345,ADXL345,smt
36.129125,-13.904125,0.0,top,C1,,,C_1206_3216Metric,22uF,smt
44.696,-46.068518,180.0,top,C10,,,C_0603_1608Metric,0.1uF,smt
48.211,-56.508518,0.0,top,C11,,,C_0603_1608Metric,0.1uF,smt
24.365,-50.8475,90.0,top,C12,,,C_0603_1608Metric,0.1uF,smt
23.34,-54.52,180.0,top,C13,,,C_0603_1608Metric,0.1uF,smt
18.725,-53.4975,180.0,top,C14,,,C_0603_1608Metric,0.1uF,smt
18.725,-56.77,180.0,top,C15,,,C_0603_1608Metric,0.1uF,smt
14.2325,-53.4975,180.0,top,C16,,,C_0603_1608Metric,0.1uF,smt
9.645,-54.545,-90.0,top,C17,,,C_1206_3216Metric,10uF,smt
12.65,-35.695446,180.0,top,C18,,,C_1206_3216Metric,10uF,smt
12.0,-17.19,0.0,top,C19,,,C_0603_1608Metric,0.1uF,smt
38.384125,-20.166625,0.0,top,C2,,,C_0805_2012Metric,1uF,smt
28.667341,-44.392,0.0,top,C20,,,C_0603_1608Metric,0.1uF,smt
36.037341,-44.785,90.0,top,C21,,,C_0603_1608Metric,0.1uF,smt
38.795,-44.785,90.0,top,C22,,,C_0603_1608Metric,0.1uF,smt
28.667341,-31.855,0.0,top,C23,,,C_0603_1608Metric,0.1uF,smt
23.02,-41.890061,90.0,top,C24,,,C_1206_3216Metric,10uF,smt
38.735,-34.190061,-90.0,top,C25,,,C_0603_1608Metric,0.1uF,smt
26.425061,-41.890061,90.0,top,C26,,,C_0603_1608Metric,0.1uF,smt
50.305,-5.92675,90.0,top,C27,,,C_0603_1608Metric,0.1uF,smt
41.24253,-26.720553,180.0,top,C28,,,C_0603_1608Metric,0.1uF,smt
15.42,-49.7925,90.0,top,C29,,,C_0603_1608Metric,0.1uF,smt
24.36959,-18.328966,0.0,top,C3,,,C_1206_3216Metric,10uF,smt
19.937103,-30.423215,180.0,top,C31,,,C_0603_1608Metric,0.1uF,smt
28.991205,-23.924955,90.0,top,C32,,,C_0603_1608Metric,0.1uF,smt
38.070323,-55.611857,-90.0,top,C34,,,C_0603_1608Metric,0.1uF,smt
34.670323,-55.611857,-90.0,top,C35,,,C_1206_3216Metric,10uF,smt
31.270323,-55.611857,-90.0,top,C36,,,C_0603_1608Metric,0.1uF,smt
18.439471,-9.160411,0.0,top,C4,,,C_1206_3216Metric,10uF,smt
24.36959,-9.158966,0.0,top,C5,,,C_1206_3216Metric,10uF,smt
18.539471,-18.330411,0.0,top,C6,,,C_1206_3216Metric,10uF,smt
31.904125,-13.004125,90.0,top,C7,,,C_1206_3216Metric,22uF,smt
28.404125,-13.004125,90.0,top,C8,,,C_1206_3216Metric,22uF,smt
43.116,-56.508518,180.0,top,C9,,,C_0603_1608Metric,0.1uF,smt
30.625,-6.274501,90.0,top,D1,LITTELFUSE,,D_SMA,SMAJ24A,smt
41.643901,-12.086761,180.0,top,D10,AQ4020-01FTG-C,,SOD2613X114N,AQ4020-01FTG-C,smt
12.0,-13.95,0.0,top,D11,AQ4020-01FTG,,SOD2613X114N,AQ4020-01FTG,smt
11.5,-31.2875,-90.0,top,D12,AQW05-01FTG,,SOD2613X114N,AQW05-01FTG,smt
13.541712,-3.008424,180.0,top,D2,LTST-C193KRKT-5A,,LED_0603_1608Metric,RED LED,smt
23.72,-3.925,0.0,top,D3,LITTELFUSE,,D_SMA,SMAJ24A,smt
11.5,-27.2125,90.0,top,D4,AQW05-01FTG,,SOD2613X114N,AQW05-01FTG,smt
17.358424,-3.008424,180.0,top,D5,LTST-C193KRKT-5A,,LED_0603_1608Metric,RED LED,smt
9.725,-3.008424,180.0,top,D6,LTST-C193KRKT-5A,,LED_0603_1608Metric,RED LED,smt
49.1,-25.435333,-90.0,top,D7,AQ4020-01FTG,,SOD2613X114N,AQ4020-01FTG,smt
49.1,-37.136416,-90.0,top,D8,AQ4020-01FTG,,SOD2613X114N,AQ4020-01FTG,smt
45.7061,-12.086761,0.0,top,D9,AQ4020-01FTG-C,,SOD2613X114N,AQ4020-01FTG-C,smt
55.28,-24.147833,-90.0,top,J1,2132250370,,Molex_CLIK-Mate_505405-0370_1x03-1MP_P1.50mm_Vertical,Conn_01x03,smt
55.28,-35.848916,-90.0,top,J11,2132250370,,Molex_CLIK-Mate_505405-0370_1x03-1MP_P1.50mm_Vertical,Conn_01x03,smt
4.72,-13.95,90.0,top,J12,2132250370,,Molex_CLIK-Mate_505405-0370_1x03-1MP_P1.50mm_Vertical,Conn_01x03,smt
23.427103,-26.773215,180.0,top,J13,,,PinHeader_2x03_P2.54mm_Vertical,PinHeader_2x4_P2.54mm,tht
40.675,-4.055,180.0,top,J2,2132271210,,Molex_CLIK-Mate_213226-0610_1x06-1MP_P1.50mm_Horizontal,Conn_02x08,smt
4.72,-45.3,90.0,top,J6,2132250470,,Molex_CLIK-Mate_505405-0470_1x04-1MP_P1.50mm_Vertical,Conn_01x04,smt
55.28,-46.8,-90.0,top,J7,2132250230,,Molex_CLIK-Mate_505405-0270_1x02-1MP_P1.50mm_Vertical,Conn_01x02,smt
4.72,-29.25,90.0,top,J8,2132250370,,Molex_CLIK-Mate_505405-0470_1x04-1MP_P1.50mm_Vertical,Conn_01x04,smt
55.28,-13.19675,-90.0,top,J9,2132250230,,Molex_CLIK-Mate_505405-0270_1x02-1MP_P1.50mm_Vertical,Conn_01x02,smt
35.8625,-11.325,180.0,top,L1,,,L_0805_2012Metric,120R@100MHz/3A,smt
50.5375,-9.13675,180.0,top,L10,,,L_0805_2012Metric,120R@100MHz/3A,smt
50.5375,-16.68675,180.0,top,L11,,,L_0805_2012Metric,120R@100MHz/3A,smt
51.657143,-50.7,90.0,top,L12,,,L_0805_2012Metric,120R@100MHz/3A,smt
51.657143,-42.9,90.0,top,L13,,,L_0805_2012Metric,120R@100MHz/3A,smt
9.645,-50.1,0.0,top,L2,,,L_0805_2012Metric,120R@100MHz/3A,smt
9.645,-41.0,0.0,top,L3,,,L_0805_2012Metric,120R@100MHz/3A,smt
11.6775,-47.1625,0.0,top,L4,,,L_0805_2012Metric,120R@100MHz/3A,smt
11.6775,-43.9875,180.0,top,L5,,,L_0805_2012Metric,120R@100MHz/3A,smt
8.55,-9.54,90.0,top,L6,,,L_0805_2012Metric,120R@100MHz/3A,smt
8.55,-18.34,90.0,top,L7,,,L_0805_2012Metric,120R@100MHz/3A,smt
8.55,-34.39,90.0,top,L8,,,L_0805_2012Metric,120R@100MHz/3A,smt
8.55,-24.1,90.0,top,L9,,,L_0805_2012Metric,120R@100MHz/3A,smt
18.328444,-13.849788,90.0,top,LDO1,TPS7A2150PQWDRBRQ1,,VSON-8-1EP_3x3mm_P0.65mm_EP1.65x2.4mm_ThermalVias,TPS7121-Q1 5V @ 500mA,smt
24.198326,-13.813068,90.0,top,LDO2,TPS7A2133PQWDRBRQ1,,VSON-8-1EP_3x3mm_P0.65mm_EP1.65x2.4mm_ThermalVias,TPS7121-Q1 3.3V @ 500mA,smt
49.607406,-20.210333,-90.0,top,Q1,DMG3404L-7,,SOT-23,DMG3404L,smt
49.607406,-32.075,-90.0,top,Q2,DMG3404L-7,,SOT-23,DMG3404L,smt
37.809125,-16.929124,-90.0,top,R1,,,R_0603_1608Metric,R45.3kΩ,smt
9.745,-5.808424,0.0,top,R10,,,R_0603_1608Metric,R594Ω,smt
12.0,-10.915,0.0,top,R11,,,R_0603_1608Metric,R4.7kΩ,smt
25.26,-35.7,180.0,top,R13,,,R_0603_1608Metric,R47Ω,smt
45.807406,-28.197833,90.0,top,R14,,,R_0603_1608Metric,R660Ω,smt
13.561712,-5.808424,180.0,top,R15,,,R_0603_1608Metric,R594Ω,smt
15.4825,-44.8725,90.0,top,R16,,,R_0603_1608Metric,R240Ω,smt
14.2325,-56.77,180.0,top,R17,,,R_0603_1608Metric,R240Ω,smt
45.807406,-24.143268,90.0,top,R18,,,R_0603_1608Metric,R10kΩ,smt
45.807406,-20.088703,-90.0,top,R19,,,R_0603_1608Metric,R100Ω,smt
40.444125,-16.929124,-90.0,top,R2,,,R_0603_1608Metric,R10kΩ,smt
32.8955,-31.486181,180.0,top,R21,,,R_0603_1608Metric,R1.5kΩ,smt
49.0,-12.88675,90.0,top,R22,,,R_0603_1608Metric,R4.7kΩ,smt
41.24253,-29.620553,180.0,top,R23,,,R_0603_1608Metric,R4.7kΩ,smt
45.807406,-39.832833,90.0,top,R25,,,R_0603_1608Metric,R660Ω,smt
45.807406,-31.688703,-90.0,top,R26,,,R_0603_1608Metric,R100Ω,smt
24.252103,-30.173215,0.0,top,R27,,,R_0603_1608Metric,R10kΩ,smt
49.7,-51.45,90.0,top,R28,,,R_0603_1608Metric,R430Ω,smt
36.455,-29.205,90.0,top,R3,,,R_0603_1608Metric,R47Ω,smt
45.807406,-35.743268,90.0,top,R8,,,R_0603_1608Metric,R10kΩ,smt
17.421576,-5.791576,0.0,top,R9,,,R_0603_1608Metric,R1.5kΩ,smt
33.966849,-24.049955,180.0,top,SW1,PTS810SJS250SMTR LFS,,SW_SPST_PTS810,SW_SPST,smt
41.24253,-23.900553,180.0,top,TH1,SDNT1608X104F3950FTF,,R_0603_1608Metric,Thermistor_NTC,smt
44.696,-51.208518,180.0,top,U1,MAX31865ATP+T,,TQFN-20-1EP_5x5mm_P0.65mm_EP3.25x3.25mm,MAX31865xTP,smt
32.517341,-38.040061,90.0,top,U2,STM32F103CBU6TR,,QFN-48-1EP_7x7mm_P0.5mm_EP5.6x5.6mm,STM32F103CBU6TR,smt
15.429726,-29.2125,180.0,top,U3,"74LVC1G17GV,125",,SOT-363_SC-70-6,SN74LVC2G17DSFR,smt
29.070323,-50.454209,-90.0,top,U4,SN74AHC1G32QDBVRQ1,,SOT-23-5,SN74AHC1G32QDBVRQ1,smt
19.715,-48.5975,-90.0,top,U5,ADS1220IRVAR,,Texas_RSA_VQFN-16-1EP_4x4mm_P0.65mm_EP2.7x2.7mm,ADS1220,smt
32.999125,-18.154125,-90.0,top,VR1,TPSM861252RDXR,,CONV_TLVM23615RDNR,TLVM23615RDNR,tht
32.492341,-44.715061,180.0,top,X1,ECS-2520MVLC-080-BP-TR,,Oscillator_SMD_ECS_2520MV-xxx-xx-4Pin_2.5x2.0mm,ECS-2520MVLC-080-BP-TR,smt
